"Cluster","fuel_received_units","fuel_mmbtu_per_unit","fuel_cost_per_mmbtu","fuel_received_mmbtu","total_fuel_cost","sulfur_content_pct","ash_content_pct","Cluster"
1,-0.310603100807357,-0.492650731787268,0.0198670530106359,-0.489519553897222,-0.43024631898238,-0.357531532209453,-0.400600195902098,1
2,2.0535098265218,-0.631666748449067,-0.0772183847995216,0.812525996598327,1.25402856141941,-0.401937564683648,-0.400600195902098,2
3,-0.541080210220287,-0.634450413520191,35.5456767942459,-0.619642542245182,-0.56699262455127,-0.401937564683648,-0.400600195902098,3
4,-0.202991148829033,1.80796502353591,-0.124865563640847,3.07459641716955,1.99635739077024,1.6599261134928,1.29786008513989,4
5,-0.459823333662539,1.73073347301269,-0.123022290914611,0.215548038183477,-0.0344803110987074,1.11143797708889,1.36697983867666,5
